first_name,last_name,city,age,weight,sex,height,hobbies
Ali,Rezaei,Mashhad,26,74,M,180,stretching|meditation|running
Maryam,Jafari,BandarAbbas,18,58,F,155,football|meditation|pilates
Elham,Yousefi,Karaj,32,45,F,167,travel|hiking|boxing
Arash,Asadi,Mashhad,28,65,M,171,reading|tennis
Maryam,Abbasi,Urmia,32,52,F,184,meditation
Golnaz,Hosseini,Shiraz,29,90,F,162,basketball|crossfit|running
Hossein,Jalali,Hamedan,30,89,M,182,reading
Roya,Abbasi,Isfahan,39,89,F,167,volleyball|yoga|meditation
Sina,Abbasi,Zanjan,32,77,M,189,calisthenics
Maryam,Asadi,Qom,25,65,F,152,pilates
Roya,Mahdavi,Sari,38,70,F,181,boxing
Pouya,Shamsi,Kerman,35,107,M,181,music|reading|basketball
Navid,Mohammadi,Mashhad,33,108,M,170,volleyball
Mahan,Asadi,Arak,37,84,M,169,photography|boxing
Hossein,Jalali,Kermanshah,39,109,M,182,crossfit
Mina,Mahdavi,Qom,32,91,F,150,yoga|photography|cycling
Arezoo,Soltani,Karaj,37,54,F,162,photography|football|tennis
Mahsa,Mahdavi,Yazd,18,68,F,157,gym
Kasra,Zand,Isfahan,20,106,M,170,swimming|calisthenics|cooking
Nima,Abbasi,Zanjan,34,73,M,192,nutrition|pilates|crossfit
Niloofar,Karimi,Rasht,32,73,F,183,running
Sara,Shamsi,Rasht,36,59,F,185,running
Pouya,Hosseini,BandarAbbas,20,81,M,167,boxing
Roya,Abbasi,Qazvin,35,91,F,158,cooking|basketball|travel
Hossein,Farhadi,Kerman,21,82,M,192,stretching|gym
Reza,Jafari,Ahvaz,30,66,M,186,meditation
Narges,Kiani,Rasht,31,62,F,161,gaming
Reza,Abbasi,Rasht,38,65,M,165,travel
Mahsa,Moradi,Urmia,24,48,F,175,music
Setareh,Fathi,Zanjan,27,89,F,177,nutrition|cooking|swimming
Kaveh,Fathi,Zanjan,24,97,M,168,stretching
Maryam,Abbasi,BandarAbbas,19,77,F,180,gym
Sina,Esfahani,Rasht,20,103,M,169,cycling|dance
Kasra,Hosseini,Kerman,37,99,M,167,dance|photography|hiking
Roya,Ebrahimi,Urmia,39,60,F,170,calisthenics
Setareh,Kiani,Arak,28,45,F,154,cycling|running|meditation
Navid,Mahdavi,Isfahan,26,82,M,173,reading
Mina,Azizi,Arak,32,90,F,184,photography|football|calisthenics
Fatemeh,Mahdavi,Mashhad,22,52,F,166,meditation|swimming|boxing
Golnaz,Rostami,Qom,24,58,F,171,cooking|boxing|gym
Mahan,Ghasemi,Tabriz,26,60,M,167,boxing|yoga|stretching
Shirin,Ahmadi,Mashhad,40,80,F,177,nutrition
Farhad,Nazari,Tabriz,19,97,M,188,swimming|gym
Niloofar,Rostami,Rasht,19,58,F,172,cycling|reading|meditation
Golnaz,Shirazi,Karaj,22,55,F,165,football|yoga
Aida,Moradi,Mashhad,39,62,F,165,gym|cooking
Arash,Tabrizi,Rasht,32,79,M,187,football
Ehsan,Yousefi,Qom,28,64,M,182,volleyball|photography
Shirin,Mahdavi,Qom,28,52,F,151,dance
Maryam,Fathi,Kermanshah,21,67,F,177,tennis|photography
Ehsan,Mohammadi,Kerman,36,76,M,177,photography
Mohammad,Abbasi,Kermanshah,31,102,M,169,hiking|calisthenics|cycling
Arezoo,Asadi,Yazd,27,65,F,176,swimming|pilates|travel
Mina,Nazari,Tehran,37,70,F,169,crossfit|pilates
Parisa,Kiani,Sari,37,74,F,170,pilates|photography|cooking
Amir,Jalali,Arak,27,102,M,197,running|basketball
Elham,Mohammadi,Rasht,24,46,F,159,tennis|running
Aida,Rahimi,Urmia,38,90,F,162,music|basketball
Ali,Moradi,BandarAbbas,21,74,M,192,gym|meditation
Hossein,Rostami,BandarAbbas,32,89,M,173,tennis|hiking|gaming
Shirin,Esfahani,Gorgan,32,92,F,160,boxing|basketball
Arezoo,Kiani,Isfahan,33,62,F,165,crossfit|basketball|boxing
Yasaman,Rezaei,Rasht,35,53,F,155,nutrition|swimming
Amir,Nazari,Sari,31,81,M,191,gym|pilates
Hanieh,Shamsi,Urmia,36,93,F,151,football|reading
Hanieh,Fathi,Zanjan,31,92,F,184,basketball|cooking|boxing
Mahsa,Rostami,Urmia,18,66,F,174,yoga|gaming|swimming
Ehsan,Jalali,Kerman,36,65,M,166,gaming
Reza,Taheri,Sari,26,80,M,189,hiking|music
Aida,Ahmadi,Zanjan,26,75,F,155,reading
Amir,Ahmadi,Rasht,38,108,M,167,football
Pouya,Karimi,Qazvin,22,102,M,195,gaming
Niloofar,Tabrizi,Karaj,23,94,F,157,cycling|dance
Kaveh,Rahimi,Ahvaz,36,85,M,189,dance
Hossein,Khorsandi,Mashhad,40,103,M,184,gym|reading|meditation
Niloofar,Ghasemi,Tehran,20,86,F,182,cooking|cycling
Niloofar,Rezaei,Kerman,38,90,F,179,stretching
Golnaz,Farhadi,Qazvin,35,74,F,180,hiking|basketball
Nima,Kiani,Qazvin,32,108,M,180,calisthenics|music|hiking
Yasin,Taheri,Hamedan,28,91,M,176,hiking|boxing
Shirin,Hosseini,Rasht,18,57,F,183,travel|cooking|meditation
Yasin,Shirazi,Tehran,38,88,M,196,crossfit
Ehsan,Rostami,Qazvin,40,79,M,180,cooking|meditation
Aida,Rahimi,Sari,35,67,F,171,crossfit|boxing
Hossein,Fathi,Zanjan,24,67,M,185,yoga|pilates|stretching
Laleh,Azizi,Mashhad,36,83,F,183,crossfit
Mohammad,Rahimi,Zanjan,23,60,M,184,boxing
Reza,Rezaei,Gorgan,35,104,M,183,football
Mahsa,Moradi,Shiraz,33,66,F,178,cooking|cycling
Ehsan,Jalali,Shiraz,33,96,M,169,swimming
Zahra,Yousefi,Kerman,25,80,F,157,tennis|basketball|photography
Setareh,Farhadi,Yazd,32,82,F,169,tennis|gym|stretching
Arash,Rostami,Isfahan,38,76,M,178,basketball
Farhad,Farhadi,Sari,20,60,M,175,tennis|cooking|crossfit
Pouya,Esfahani,Sari,27,104,M,183,calisthenics
Nima,Karimi,Zanjan,38,87,M,177,volleyball
Nima,Moradi,Yazd,22,63,M,169,stretching|dance|crossfit
Fatemeh,Asadi,Qom,32,89,F,169,meditation|cooking|gaming
Milad,Ghasemi,Arak,19,107,M,192,football|running
Kasra,Rostami,Qom,36,108,M,166,gym|yoga|cooking
Laleh,Tabrizi,Gorgan,23,85,F,177,cooking
Aida,Karimi,Karaj,28,87,F,170,travel|nutrition
Sahar,Nazari,Shiraz,39,93,F,175,running|hiking
Yasaman,Tabrizi,Tehran,21,77,F,175,meditation|gaming|travel
Arash,Yousefi,Gorgan,34,99,M,188,gaming|gym|pilates
Shirin,Mahdavi,Gorgan,22,73,F,168,football
Sina,Farhadi,Isfahan,27,95,M,165,cycling
Fatemeh,Abbasi,Yazd,38,76,F,159,nutrition|boxing|travel
Mahsa,Rezaei,Urmia,25,80,F,179,tennis
Amir,Abbasi,BandarAbbas,26,81,M,191,football|crossfit
Parisa,Kiani,Zanjan,36,54,F,181,reading|hiking
Setareh,Jafari,Qazvin,28,89,F,162,basketball|travel
Parsa,Rostami,Tabriz,33,84,M,189,gym|swimming
Fatemeh,Abbasi,Sari,32,78,F,156,stretching
Mahan,Zand,Qom,38,64,M,174,tennis|nutrition
Zahra,Ghasemi,Gorgan,28,69,F,184,gym|tennis|running
Kaveh,Karimi,Mashhad,25,87,M,170,yoga|nutrition
Sara,Mohammadi,Yazd,19,95,F,170,reading|travel
Pouya,Rostami,Karaj,34,96,M,191,yoga
Milad,Abbasi,Qazvin,30,91,M,180,basketball
Laleh,Ahmadi,Sari,32,87,F,166,calisthenics|meditation
Amir,Azizi,Kerman,32,97,M,187,boxing|gaming|crossfit
Ehsan,Asadi,Qazvin,33,75,M,171,dance|crossfit
Sara,Ahmadi,Qazvin,39,62,F,175,stretching|gym|tennis
Sahar,Jalali,Ahvaz,25,59,F,172,boxing|calisthenics|stretching
Hossein,Shirazi,Sari,38,79,M,167,dance
Narges,Fathi,Kerman,20,65,F,168,pilates
Farhad,Abbasi,Qom,29,92,M,198,boxing
Sahar,Hosseini,Tabriz,28,74,F,157,calisthenics
Shirin,Asadi,Tehran,29,95,F,155,meditation|cycling
Niloofar,Asadi,Hamedan,39,82,F,166,calisthenics
Yasin,Jafari,Isfahan,18,99,M,185,gaming|nutrition|crossfit
Fatemeh,Azizi,Gorgan,22,47,F,152,cycling
Farhad,Soltani,Zanjan,22,89,M,189,dance|stretching
Mahan,Khorsandi,Kerman,38,91,M,171,gym|nutrition
Roya,Esfahani,Hamedan,32,60,F,178,calisthenics
Shirin,Asadi,Qom,38,48,F,172,cycling
Zahra,Jalali,Arak,39,86,F,163,gym
Elham,Tabrizi,Zanjan,22,49,F,163,dance
Pouya,Mahdavi,Arak,28,110,M,174,boxing
Mehdi,Karimi,Tehran,35,71,M,181,football
Elham,Moradi,Qom,36,46,F,170,swimming
Arezoo,Kiani,Hamedan,21,75,F,154,dance|cycling|gaming
Milad,Kiani,Tehran,19,79,M,198,cooking
Aida,Rahimi,Sari,39,76,F,156,running
Golnaz,Ebrahimi,Arak,22,53,F,154,dance|meditation|nutrition
Hanieh,Kiani,BandarAbbas,37,63,F,183,travel|cycling|nutrition
Farhad,Mahdavi,Rasht,24,88,M,192,hiking|gaming
Aida,Ghasemi,Qom,21,72,F,170,swimming|calisthenics
Zahra,Farhadi,Mashhad,20,50,F,155,stretching|reading|swimming
Kasra,Karimi,Kerman,35,102,M,186,calisthenics|travel
Kaveh,Karimi,Qazvin,37,82,M,184,pilates|swimming|calisthenics
Elham,Soltani,Mashhad,21,80,F,172,dance|basketball
Shirin,Khorsandi,Qom,37,46,F,185,yoga
Sahar,Moradi,Tabriz,28,45,F,172,calisthenics|music|running
Ali,Asadi,Kerman,20,73,M,198,hiking|yoga
Sahar,Rezaei,Karaj,28,48,F,155,gym|calisthenics|running
Setareh,Khorsandi,Sari,39,76,F,177,boxing|pilates
Mohammad,Rostami,Qazvin,31,78,M,172,photography|calisthenics
Maryam,Mohammadi,Tehran,25,83,F,175,crossfit
Mehdi,Karimi,Tehran,26,80,M,183,stretching|travel
Mehdi,Nazari,Hamedan,30,92,M,179,music
Mahan,Esfahani,Kermanshah,18,64,M,194,travel|dance|music
Sahar,Ghasemi,Karaj,21,46,F,175,gaming|nutrition|reading
Mahan,Shamsi,Urmia,21,87,M,180,running|music|crossfit
Elham,Fallahi,Mashhad,28,49,F,160,photography|pilates|reading
Narges,Ebrahimi,Ahvaz,25,54,F,156,tennis
Amir,Yousefi,Qazvin,23,89,M,196,gaming|calisthenics|dance
Yasaman,Zand,Sari,22,49,F,178,crossfit|boxing|dance
Mohammad,Kiani,Sari,34,79,M,169,gym
Sahar,Khorsandi,BandarAbbas,20,84,F,155,gaming|dance
Soroush,Khorsandi,Gorgan,36,80,M,177,swimming|gym|gaming
Parsa,Jalali,Karaj,40,92,M,170,basketball
Setareh,Moradi,Hamedan,34,84,F,183,crossfit|music
Yasaman,Jalali,Kermanshah,39,95,F,153,hiking
Farhad,Ebrahimi,Arak,39,78,M,189,hiking
Kasra,Azizi,Urmia,39,82,M,174,tennis
Kaveh,Shirazi,Kermanshah,35,101,M,189,calisthenics
Mahan,Soltani,Yazd,34,61,M,188,pilates
Mahsa,Rezaei,Isfahan,24,53,F,164,cycling|photography
Parsa,Asadi,Tabriz,37,98,M,173,yoga
Soroush,Rostami,Rasht,19,83,M,191,tennis|crossfit
Elham,Shirazi,Gorgan,35,64,F,165,reading
Setareh,Fallahi,Kerman,27,77,F,174,pilates
Nima,Nazari,Mashhad,19,83,M,195,photography|cycling|crossfit
Sina,Rezaei,Kerman,26,92,M,193,basketball
Niloofar,Asadi,BandarAbbas,18,48,F,176,basketball|music
Mohammad,Abbasi,Mashhad,25,80,M,166,volleyball|hiking|swimming
Reza,Tabrizi,Tabriz,27,104,M,195,cooking|gaming|tennis
Amir,Tabrizi,Tabriz,18,73,M,181,stretching|tennis|photography
Fatemeh,Karimi,Shiraz,27,64,F,165,travel
Zahra,Nazari,Tehran,21,83,F,181,photography|dance|basketball
Kaveh,Soltani,Rasht,31,99,M,165,travel|yoga|calisthenics
Navid,Nazari,BandarAbbas,29,93,M,169,meditation|football|music
Maryam,Ebrahimi,Tehran,38,68,F,174,running|reading
Hossein,Mohammadi,Hamedan,36,68,M,186,hiking|volleyball|yoga
Mahsa,Hosseini,Sari,38,53,F,161,crossfit
Reza,Abbasi,Yazd,24,80,M,167,music|meditation|cooking
Maryam,Soltani,Shiraz,38,63,F,162,hiking|boxing|cycling
Aida,Ghasemi,Karaj,30,69,F,178,nutrition|cooking
